saliency_entropy,salience_reaction_to_noise,salience_resilience_geometric,accuracy_over_slic
3.8449284076690673,0.0044455761089921,0.11125744730234147,2.3706679582595824
